City_ID,City,Country,Date,Lat,Lng,Max Temp,Humidity,Cloudiness,Wind Speed
0,Ushuaia,AR,2022-02-01 01:03:30,-54.8,-68.3,40.66,87,75,17.27
1,Shakawe,BW,2022-02-01 01:03:31,-18.3667,21.85,65.59,96,99,5.35
2,Monterey,US,2022-02-01 01:03:31,36.2505,-121.2516,52.09,1,100,6.35
3,Thompson,CA,2022-02-01 01:03:31,55.7435,-97.8558,1.56,78,100,5.75
4,Srednekolymsk,RU,2022-02-01 01:03:32,67.45,153.6833,-13.0,90,100,3.65
5,Provideniya,RU,2022-02-01 00:56:33,64.3833,-173.3,6.91,66,75,22.37
6,Punta Arenas,CL,2022-02-01 01:03:32,-53.15,-70.9167,46.51,76,75,14.97
7,Hami,CN,2022-02-01 01:03:33,42.8,93.45,19.31,40,8,1.52
8,Hobart,AU,2022-02-01 01:03:33,-42.8794,147.3294,82.26,41,40,7.0
9,Kashi,CN,2022-02-01 01:03:34,39.4547,75.9797,26.26,50,100,1.83
10,Narsaq,GL,2022-02-01 01:03:34,60.9167,-46.05,26.82,89,100,5.79
11,Kodiak,US,2022-02-01 01:01:57,57.79,-152.4072,29.71,86,100,5.75
12,San Policarpo,PH,2022-02-01 01:03:35,12.1791,125.5072,80.44,82,18,11.01
13,Carnarvon,AU,2022-02-01 01:03:35,-24.8667,113.6333,86.07,58,3,16.11
14,Avarua,CK,2022-02-01 01:03:35,-21.2078,-159.775,75.25,94,75,6.91
15,Olafsvik,IS,2022-02-01 00:55:22,64.8945,-23.7142,24.73,78,73,17.13
16,Lebu,CL,2022-02-01 01:03:36,-37.6167,-73.65,57.7,76,0,17.05
17,Airai,TL,2022-02-01 01:03:36,-8.9266,125.4092,70.12,63,52,6.2
18,Shingu,JP,2022-02-01 00:54:10,33.7333,135.9833,44.91,44,3,5.77
19,Chokurdakh,RU,2022-02-01 01:03:37,70.6333,147.9167,-14.03,95,100,1.74
20,Fortuna,US,2022-02-01 01:03:18,40.5982,-124.1573,50.18,76,40,3.0
21,Yulara,AU,2022-02-01 01:03:38,-25.2406,130.9889,69.64,100,100,14.97
22,Mataura,NZ,2022-02-01 01:03:38,-46.1927,168.8643,75.47,49,100,1.86
23,Port Blair,IN,2022-02-01 01:03:38,11.6667,92.75,73.02,73,22,6.22
24,Minapasuk,PH,2022-02-01 01:03:39,10.6988,123.3536,77.5,82,84,8.32
25,Kapaa,US,2022-02-01 00:59:44,22.0752,-159.319,77.11,59,100,1.01
26,Longyearbyen,SJ,2022-02-01 01:03:39,78.2186,15.6401,13.84,73,75,8.05
27,Hilo,US,2022-02-01 01:03:40,19.7297,-155.09,78.53,67,40,11.5
28,Sisimiut,GL,2022-02-01 01:03:40,66.9395,-53.6735,6.06,88,100,5.73
29,Ixtapa,MX,2022-02-01 01:03:41,20.7,-105.2,74.43,78,0,12.66
30,Chato,TZ,2022-02-01 01:03:41,-2.6378,31.7669,63.61,86,100,3.04
31,Shenjiamen,CN,2022-02-01 00:57:52,29.9576,122.298,44.13,65,100,11.27
32,Westport,US,2022-02-01 01:02:00,41.1415,-73.3579,24.93,67,0,1.99
33,Qaanaaq,GL,2022-02-01 01:03:42,77.484,-69.3632,-21.8,52,0,12.19
34,Bang Saphan,TH,2022-02-01 01:03:42,11.2126,99.5117,76.15,86,16,0.78
35,Atuona,PF,2022-02-01 01:03:43,-9.8,-139.0333,78.48,77,12,18.28
36,Rikitea,PF,2022-02-01 01:03:43,-23.1203,-134.9692,78.15,67,99,5.32
37,Balykshi,KZ,2022-02-01 01:03:43,47.0667,51.8667,30.2,93,75,6.71
38,Bluff,NZ,2022-02-01 01:03:44,-46.6,168.3333,75.79,78,100,6.02
39,Ternate,ID,2022-02-01 01:03:44,0.8,127.4,82.27,72,97,5.95
40,Urusha,RU,2022-02-01 01:03:45,54.05,122.9,-5.76,84,75,3.83
41,Fukue,JP,2022-02-01 01:03:45,32.6881,128.8419,49.21,62,100,20.76
42,Mar Del Plata,AR,2022-02-01 01:00:29,-38.0023,-57.5575,64.87,56,9,1.01
43,Tuy Hoa,VN,2022-02-01 00:50:54,13.0833,109.3,75.52,88,55,9.01
44,Cedar City,US,2022-02-01 01:03:46,37.6775,-113.0619,42.4,28,0,9.22
45,Dubbo,AU,2022-02-01 01:03:46,-32.25,148.6167,80.73,69,100,8.05
46,Lagoa,PT,2022-02-01 01:03:47,39.05,-27.9833,58.75,76,13,22.86
47,Eureka,US,2022-02-01 01:01:58,40.8021,-124.1637,49.68,77,100,11.01
48,Mahebourg,MU,2022-02-01 01:03:48,-20.4081,57.7,79.25,71,100,23.62
49,Ponta Do Sol,PT,2022-02-01 01:03:49,32.6667,-17.1,66.0,84,24,13.0
50,Hasaki,JP,2022-02-01 01:03:49,35.7333,140.8333,45.28,37,100,1.86
51,Mali,GN,2022-02-01 01:03:50,12.079,-12.2982,64.04,15,18,1.95
52,Maumere,ID,2022-02-01 01:03:50,-8.6199,122.2111,82.63,77,88,13.4
53,Taoudenni,ML,2022-02-01 01:03:50,22.6783,-3.9836,66.52,8,0,11.63
54,Jamestown,US,2022-02-01 01:00:05,42.097,-79.2353,15.71,94,60,4.03
55,Boissevain,CA,2022-02-01 01:03:51,49.2306,-100.0559,31.64,94,100,16.02
56,Bingerville,CI,2022-02-01 01:02:33,5.3584,-3.8869,79.74,100,75,1.14
57,South River,US,2022-02-01 01:00:00,40.4465,-74.386,28.85,72,64,4.65
58,Busselton,AU,2022-02-01 01:03:52,-33.65,115.3333,67.08,46,0,17.56
59,Narayangarh,IN,2022-02-01 01:03:52,30.4833,77.1333,49.57,68,0,3.8
60,Paldiski,EE,2022-02-01 01:03:53,59.3567,24.0531,25.05,86,100,4.61
61,Illapel,CL,2022-02-01 01:03:53,-31.6308,-71.1653,67.91,69,60,2.82
62,Bathsheba,BB,2022-02-01 01:03:54,13.2167,-59.5167,79.41,78,75,12.66
63,Georgetown,MY,2022-02-01 00:59:53,5.4112,100.3354,80.53,87,20,1.99
64,Niquero,CU,2022-02-01 01:03:54,20.0431,-77.5828,72.46,74,44,22.15
65,Bethel,US,2022-02-01 01:03:55,41.3712,-73.414,22.71,63,0,0.0
66,Bestobe,KZ,2022-02-01 01:03:55,52.4994,73.0975,12.61,88,100,15.5
67,Sain Alto,MX,2022-02-01 01:03:55,23.5833,-103.25,58.98,19,2,12.03
68,Albany,US,2022-02-01 01:03:56,42.6001,-73.9662,18.91,64,9,2.15
69,Teya,RU,2022-02-01 01:03:14,60.3778,92.6267,-6.83,99,87,3.38
70,Sheopur,IN,2022-02-01 01:03:56,25.6667,76.7,57.16,51,0,2.46
71,Salalah,OM,2022-02-01 01:03:10,17.0151,54.0924,68.09,64,0,2.3
72,Port Alfred,ZA,2022-02-01 01:03:57,-33.5906,26.891,74.71,96,100,3.98
73,North Platte,US,2022-02-01 01:00:06,41.1239,-100.7654,49.32,30,0,4.0
74,Praxedis Guerrero,MX,2022-02-01 01:03:57,31.3667,-106.0167,60.57,28,46,8.52
75,Muros,ES,2022-02-01 01:03:58,42.7762,-9.0603,51.1,75,0,13.09
76,Vaini,TO,2022-02-01 01:03:58,-21.2,-175.2,86.16,79,75,11.5
77,Benoni,ZA,2022-02-01 01:03:59,-26.1885,28.3208,60.6,92,93,4.56
78,Saint-Philippe,RE,2022-02-01 01:03:59,-21.3585,55.7679,78.39,79,100,14.9
79,Zambezi,ZM,2022-02-01 01:02:15,-13.5432,23.1047,63.97,98,100,2.66
80,Banda Aceh,ID,2022-02-01 01:04:00,5.5577,95.3222,78.13,82,100,7.74
81,Asau,RO,2022-02-01 01:04:00,46.4333,26.4,30.4,86,100,3.78
82,Kutum,SD,2022-02-01 01:04:00,14.2,24.6667,48.16,28,1,7.67
83,Clyde River,CA,2022-02-01 01:04:01,70.4692,-68.5914,-25.73,83,100,4.7
84,Gat,IL,2022-02-01 01:00:05,31.61,34.7642,52.39,100,75,7.94
85,Thinadhoo,MV,2022-02-01 01:04:01,0.5333,72.9333,82.6,69,42,11.01
86,Saint George,US,2022-02-01 01:00:27,37.1041,-113.5841,54.25,21,0,1.01
87,Pasni,PK,2022-02-01 01:04:02,25.2631,63.471,72.14,41,0,12.97
88,Port Elizabeth,ZA,2022-02-01 01:04:03,-33.918,25.5701,73.09,94,100,5.75
89,Butaritari,KI,2022-02-01 01:00:38,3.0707,172.7902,81.61,78,100,12.8
90,Muzhi,RU,2022-02-01 00:54:06,65.3667,64.6667,-19.84,100,41,3.18
91,Camargo,MX,2022-02-01 01:04:04,27.6667,-105.1667,61.16,19,0,8.9
92,Norman Wells,CA,2022-02-01 01:00:53,65.282,-126.8329,2.05,94,100,13.2
93,Arraial Do Cabo,BR,2022-02-01 01:04:05,-22.9661,-42.0278,75.06,94,0,5.75
94,Barrow,US,2022-02-01 01:04:06,71.2906,-156.7887,-16.58,83,75,9.22
95,Boende,CD,2022-02-01 01:04:06,-0.2167,20.8667,71.53,71,100,2.01
96,Plettenberg Bay,ZA,2022-02-01 01:04:06,-34.0527,23.3716,73.78,78,100,3.6
97,Lazaro Cardenas,MX,2022-02-01 00:55:21,17.9583,-102.2,76.44,70,0,7.2
98,Chabahar,IR,2022-02-01 01:04:07,25.2919,60.643,71.1,71,0,3.62
99,Olinda,BR,2022-02-01 01:04:07,-8.0089,-34.8553,80.33,83,40,3.44
100,Innisfail,AU,2022-02-01 01:04:08,-17.5333,146.0333,84.99,64,40,6.26
101,Yomou,GN,2022-02-01 01:04:08,7.5603,-9.2653,65.01,30,48,0.89
102,Victoria,HK,2022-02-01 01:03:26,22.2855,114.1577,58.95,90,100,1.01
103,Hermanus,ZA,2022-02-01 01:04:09,-34.4187,19.2345,73.9,89,2,8.72
104,Puerto Ayora,EC,2022-02-01 01:04:09,-0.7393,-90.3518,74.55,94,84,5.48
105,Port Lincoln,AU,2022-02-01 01:04:10,-34.7333,135.8667,65.53,56,26,20.65
106,Mogadishu,SO,2022-02-01 01:00:31,2.0371,45.3438,77.05,84,100,14.54
107,Saskylakh,RU,2022-02-01 01:04:10,71.9167,114.0833,-28.82,100,64,2.06
108,Matara,LK,2022-02-01 01:04:10,5.9485,80.5353,72.88,89,39,9.42
109,Minot,US,2022-02-01 01:04:11,48.2325,-101.2963,39.42,70,20,20.71
110,Biak,ID,2022-02-01 01:04:11,-0.9131,122.8766,82.78,62,99,1.88
111,Haines Junction,CA,2022-02-01 01:04:12,60.7522,-137.5108,-14.22,100,7,0.87
112,Nioro,GM,2022-02-01 01:04:12,13.35,-15.75,79.11,24,57,3.38
113,Zhigansk,RU,2022-02-01 01:04:13,66.7697,123.3711,-30.48,98,91,7.34
114,Poronaysk,RU,2022-02-01 01:04:13,49.2167,143.1167,14.32,73,96,9.73
115,Ordzhonikidze,KZ,2022-02-01 01:04:13,52.4411,61.7408,15.67,94,100,7.34
116,Berezovyy,RU,2022-02-01 01:04:14,51.6667,135.7,5.2,89,96,2.15
117,Hervey Bay,AU,2022-02-01 01:04:14,-25.2986,152.8535,89.71,74,70,12.1
118,Emerald,AU,2022-02-01 01:04:14,-23.5333,148.1667,93.34,42,79,8.77
119,Leiyang,CN,2022-02-01 01:04:15,26.4024,112.8591,38.66,96,100,3.67
120,Yarkovo,RU,2022-02-01 01:04:15,57.4028,67.0786,-6.32,100,58,3.0
121,Tazovskiy,RU,2022-02-01 01:04:16,67.4667,78.7,0.32,98,100,5.03
122,Hobyo,SO,2022-02-01 01:04:16,5.3505,48.5268,77.02,82,58,13.18
123,Isangel,VU,2022-02-01 01:04:16,-19.55,169.2667,78.87,88,100,9.69
124,Puerto Leguizamo,CO,2022-02-01 01:00:24,-0.1934,-74.7819,77.14,57,93,2.46
125,Hithadhoo,MV,2022-02-01 01:04:17,-0.6,73.0833,82.35,73,22,11.05
126,Gubkinskiy,RU,2022-02-01 01:04:17,64.434,76.5026,1.85,97,89,8.46
127,Armacao De Pera,PT,2022-02-01 01:04:18,37.1026,-8.357,51.71,48,0,6.53
128,Talakan,RU,2022-02-01 01:04:18,50.3167,130.3667,-8.03,97,98,2.37
129,Ambulu,ID,2022-02-01 01:04:19,-8.345,113.6058,81.43,77,100,2.28
130,Tall Kayf,TR,2022-02-01 01:04:19,37.0833,41.0667,39.27,71,65,4.63
131,Raga,SS,2022-02-01 01:00:21,8.4596,25.678,67.41,19,9,7.31
132,Hun,LY,2022-02-01 01:04:20,29.1268,15.9477,50.83,42,6,9.53
133,Upernavik,GL,2022-02-01 01:04:20,72.7868,-56.1549,-16.76,97,100,7.56
134,Tingo Maria,PE,2022-02-01 01:04:20,-9.2895,-76.0088,69.8,97,100,1.86
135,Ust-Uda,RU,2022-02-01 01:04:21,54.1742,103.0304,-16.8,100,100,1.03
136,Awjilah,LY,2022-02-01 01:04:21,29.1081,21.2869,52.63,66,0,9.66
137,Tasiilaq,GL,2022-02-01 01:04:22,65.6145,-37.6368,10.56,95,93,6.73
138,Annau,TM,2022-02-01 01:04:22,37.8876,58.516,45.82,33,54,4.09
139,Goya,AR,2022-02-01 01:04:22,-29.14,-59.2626,80.58,39,0,7.9
140,Kirakira,SB,2022-02-01 01:04:23,-10.4544,161.9205,84.92,72,82,5.57
141,New Norfolk,AU,2022-02-01 01:00:45,-42.7826,147.0587,81.9,32,27,5.01
142,San Patricio,US,2022-02-01 01:04:23,28.017,-97.5169,66.88,97,100,10.76
143,Solnechnyy,RU,2022-02-01 01:04:25,50.7214,136.6319,2.43,93,98,2.17
144,Zaysan,KZ,2022-02-01 01:04:25,47.4667,84.8667,-0.17,94,100,1.7
145,Cape Town,ZA,2022-02-01 01:00:04,-33.9258,18.4232,75.11,83,17,2.93
146,Bulaevo,KZ,2022-02-01 01:04:26,54.9056,70.4439,20.82,95,90,10.31
147,Mago,RU,2022-02-01 01:04:26,53.2514,140.1822,6.44,79,100,8.63
148,Sorland,NO,2022-02-01 01:04:27,67.667,12.6934,33.94,56,100,12.53
149,Mosquera,CO,2022-02-01 01:04:27,4.7059,-74.2302,51.62,90,91,1.95
150,Bairiki,KI,2022-02-01 01:04:28,1.3292,172.9752,86.0,74,20,11.5
151,Dikson,RU,2022-02-01 01:04:28,73.5069,80.5464,-1.73,89,100,18.84
152,Dwarka,IN,2022-02-01 01:04:29,22.2394,68.9678,70.93,83,0,8.43
153,Fairbanks,US,2022-02-01 00:55:25,64.8378,-147.7164,-7.4,75,5,2.3
154,Rosarito,MX,2022-02-01 01:04:29,32.3333,-117.0333,61.93,69,100,5.66
155,Oeiras,BR,2022-02-01 01:04:30,-7.0253,-42.1311,79.72,59,100,1.99
156,Waynesboro,US,2022-02-01 01:04:30,38.0685,-78.8895,29.21,73,0,0.0
157,Pafos,CY,2022-02-01 01:04:30,34.7667,32.4167,44.38,87,20,8.05
158,Kraslava,LV,2022-02-01 01:04:31,55.8951,27.168,21.83,94,99,8.05
159,Tual,ID,2022-02-01 01:04:31,-5.6667,132.75,83.77,72,100,21.32
160,Durham,US,2022-02-01 01:04:32,36.0335,-78.8664,41.18,65,0,5.75
161,Torbay,CA,2022-02-01 01:03:18,47.6666,-52.7314,31.75,76,70,4.0
162,Sibolga,ID,2022-02-01 01:04:32,1.7427,98.7792,77.59,86,63,1.95
163,Ribeira Grande,PT,2022-02-01 01:04:33,38.5167,-28.7,59.94,74,16,13.76
164,Souillac,MU,2022-02-01 01:01:04,-20.5167,57.5167,79.36,73,100,22.73
165,Livingston,GB,2022-02-01 00:57:52,55.9029,-3.5226,48.79,89,75,16.11
166,Bengkulu,ID,2022-02-01 01:04:33,-3.8004,102.2655,78.64,79,77,3.29
167,Khatanga,RU,2022-02-01 01:04:34,71.9667,102.5,-29.04,100,21,3.15
168,Luan,CH,2022-02-01 01:04:34,46.3592,6.9759,29.37,88,100,11.01
169,Buraydah,SA,2022-02-01 01:04:35,26.326,43.975,55.04,37,0,11.43
170,Caconda,AO,2022-02-01 01:04:35,-13.7333,15.0667,57.83,81,100,3.8
171,Pochutla,MX,2022-02-01 01:04:36,15.7432,-96.4661,80.82,72,0,8.23
172,Teeli,RU,2022-02-01 01:04:36,51.0333,90.2333,-13.13,95,100,1.1
173,Itarema,BR,2022-02-01 01:04:36,-2.9248,-39.9167,78.82,77,24,11.21
174,Mezen,RU,2022-02-01 01:04:37,65.8522,44.24,3.51,97,100,4.23
175,Sao Joao Da Barra,BR,2022-02-01 01:04:37,-21.6403,-41.0511,77.54,88,100,9.22
176,Bowen,AU,2022-02-01 01:01:19,-20.0167,148.2333,84.31,70,2,6.8
177,Chicama,PE,2022-02-01 01:04:38,-7.8447,-79.1469,66.74,72,7,5.23
178,Kudahuvadhoo,MV,2022-02-01 01:04:38,2.6708,72.8944,81.84,78,65,11.86
179,Port Hardy,CA,2022-02-01 01:00:08,50.6996,-127.4199,42.76,79,94,10.29
180,Pindobacu,BR,2022-02-01 01:04:39,-10.7417,-40.3608,75.54,62,66,1.39
181,Tuktoyaktuk,CA,2022-02-01 01:04:39,69.4541,-133.0374,-10.17,99,100,5.21
182,Tilichiki,RU,2022-02-01 00:56:43,60.4667,166.1,8.35,87,100,8.12
183,Tatvan,TR,2022-02-01 01:04:40,38.5067,42.2817,16.52,91,76,4.9
184,Modasa,IN,2022-02-01 01:04:40,23.4667,73.3,61.56,76,0,4.47
185,Bargarh,IN,2022-02-01 01:04:41,21.3333,83.6167,58.37,39,19,1.54
186,Merauke,ID,2022-02-01 01:01:12,-8.4667,140.3333,80.51,78,100,11.3
187,Bria,CF,2022-02-01 01:04:41,6.5423,21.9863,67.15,27,34,3.06
188,Cockburn Town,TC,2022-02-01 00:55:31,21.4612,-71.1419,74.12,71,100,22.32
189,Kletnya,RU,2022-02-01 01:04:43,53.3897,33.2171,30.36,95,100,8.63
190,Athabasca,CA,2022-02-01 01:04:43,54.7169,-113.2854,-5.04,89,100,9.98
191,Samarai,PG,2022-02-01 00:55:19,-10.6167,150.6667,86.13,66,100,12.57
192,Ateli,IN,2022-02-01 01:04:44,28.1,76.2833,52.2,49,0,1.03
193,Aklavik,CA,2022-02-01 01:04:45,68.2191,-135.0107,0.1,91,100,11.45
194,Tuatapere,NZ,2022-02-01 01:04:45,-46.1333,167.6833,75.81,44,100,0.4
195,Palmas,BR,2022-02-01 01:00:48,-10.2128,-48.3603,73.18,92,80,1.21
196,East London,ZA,2022-02-01 01:04:46,-33.0153,27.9116,77.16,72,100,2.28
197,Hokitika,NZ,2022-02-01 01:04:46,-42.7167,170.9667,70.18,61,100,5.86
198,Ha Tinh,VN,2022-02-01 01:04:47,18.3333,105.9,58.75,87,100,6.51
199,Gijon,ES,2022-02-01 01:04:47,43.5357,-5.6615,52.81,94,100,5.01
200,Kloulklubed,PW,2022-02-01 00:53:17,7.0419,134.2556,82.9,72,100,17.9
201,Pisco,PE,2022-02-01 01:04:48,-13.7,-76.2167,71.65,73,100,13.8
202,Tarboro,US,2022-02-01 01:04:48,35.8968,-77.5358,39.18,64,0,6.91
203,Uruguaiana,BR,2022-02-01 01:02:12,-29.7547,-57.0883,79.48,39,0,9.57
204,Komsomolskiy,UZ,2022-02-01 01:04:49,40.4272,71.7189,26.02,80,81,4.61
205,Bergen,NO,2022-02-01 01:04:49,60.392,5.328,35.65,94,75,9.22
206,Kishtwar,IN,2022-02-01 01:04:50,33.3167,75.7667,29.08,77,9,6.2
207,Waitati,NZ,2022-02-01 01:04:50,-45.75,170.5667,65.8,83,100,9.28
208,Faya,SA,2022-02-01 01:04:50,18.3851,42.4509,52.32,82,19,6.13
209,Port Hedland,AU,2022-02-01 01:04:51,-20.3167,118.5667,87.85,74,75,4.61
210,Ialibu,PG,2022-02-01 01:04:51,-6.2821,143.9935,62.94,76,100,3.89
211,Lamar,US,2022-02-01 01:04:52,33.6668,-95.5836,58.51,82,100,6.91
212,Grindavik,IS,2022-02-01 01:04:17,63.8424,-22.4338,34.27,75,75,24.16
213,Borger,NL,2022-02-01 01:04:52,52.9233,6.7931,40.78,87,98,12.03
214,Bilma,NE,2022-02-01 00:55:21,18.6853,12.9164,52.38,23,0,4.38
215,Surgut,RU,2022-02-01 01:04:53,61.25,73.4167,-3.82,84,40,1.99
216,Vila Franca Do Campo,PT,2022-02-01 01:04:54,37.7167,-25.4333,58.19,79,31,13.87
217,Nhulunbuy,AU,2022-02-01 01:04:54,-12.2333,136.7667,82.71,76,100,14.81
218,Colac,AU,2022-02-01 01:04:54,-38.3333,143.5833,73.0,58,6,15.32
219,Hirara,JP,2022-02-01 01:04:55,24.8,125.2833,65.46,65,96,13.73
220,Veshenskaya,RU,2022-02-01 01:04:55,49.6303,41.7334,31.14,88,99,16.58
221,Mackay,AU,2022-02-01 01:04:56,-21.15,149.2,92.68,72,93,4.47
222,Nouakchott,MR,2022-02-01 01:01:58,18.0858,-15.9785,71.53,60,100,13.11
223,Mrakovo,RU,2022-02-01 01:04:56,52.7161,56.6244,14.0,97,94,4.72
224,Santa Cruz,BO,2022-02-01 01:04:57,-17.8,-63.1667,71.06,94,75,11.5
225,Cabo San Lucas,MX,2022-02-01 01:04:07,22.8909,-109.9124,73.51,61,0,1.99
226,Constitucion,CL,2022-02-01 01:04:57,-35.3333,-72.4167,58.23,76,0,9.26
227,Lincoln,US,2022-02-01 01:00:17,40.8,-96.667,53.98,30,100,1.01
228,Namibe,AO,2022-02-01 01:00:44,-15.1961,12.1522,71.17,73,99,8.25
229,Mae Hong Son,TH,2022-02-01 01:01:19,19.3003,97.9685,58.71,72,6,0.6
230,Halifax,CA,2022-02-01 01:02:59,44.6453,-63.5724,16.68,79,9,5.82
231,Oni,GE,2022-02-01 01:04:58,42.5794,43.4425,34.29,93,100,2.15
232,Oriximina,BR,2022-02-01 01:04:59,-1.7656,-55.8661,75.13,92,98,3.18
233,Pangoa,PE,2022-02-01 01:05:00,-12.1167,-73.0,67.78,99,100,1.07
234,Tura,IN,2022-02-01 01:05:01,25.5198,90.2201,54.82,66,77,4.65
235,Hamilton,US,2022-02-01 01:05:01,39.1834,-84.5333,35.04,71,67,3.65
236,Vila,PT,2022-02-01 01:05:01,42.0304,-8.1588,41.88,77,0,6.4
237,Kahului,US,2022-02-01 01:05:02,20.8947,-156.47,82.42,66,40,13.8
238,Lavrentiya,RU,2022-02-01 00:57:56,65.5833,-171.0,-1.46,83,10,11.95
239,Alice Springs,AU,2022-02-01 00:54:36,-23.7,133.8833,78.35,78,100,16.11
240,Bredasdorp,ZA,2022-02-01 01:05:03,-34.5322,20.0403,73.27,97,16,5.55
241,Makokou,GA,2022-02-01 01:05:03,0.5738,12.8642,71.33,75,100,2.44
242,Codrington,AU,2022-02-01 01:05:04,-38.2667,141.9667,61.29,65,100,22.53
243,Coihaique,CL,2022-02-01 00:54:02,-45.5752,-72.0662,58.95,58,75,9.22
244,Balkhash,KZ,2022-02-01 01:05:04,46.844,74.9804,11.03,83,93,9.42
245,Nouadhibou,MR,2022-02-01 00:55:17,20.931,-17.0347,67.98,73,100,6.91
246,Artyom,AZ,2022-02-01 01:05:05,40.4723,50.333,33.94,62,64,20.22
247,Antalaha,MG,2022-02-01 01:05:05,-14.9003,50.2788,75.38,86,71,6.78
248,Talnakh,RU,2022-02-01 01:05:05,69.4865,88.3972,6.21,96,98,9.08
249,Guerrero Negro,MX,2022-02-01 01:05:06,27.9769,-114.0611,63.5,56,9,10.4
250,Bunbury,AU,2022-02-01 01:05:07,-33.3333,115.6333,66.81,45,0,19.06
251,Collinsville,US,2022-02-01 01:05:07,38.6703,-89.9846,46.33,56,0,5.75
252,Abnub,EG,2022-02-01 01:05:08,27.2696,31.1511,48.56,71,5,5.39
253,Anadyr,RU,2022-02-01 01:05:08,64.75,177.4833,14.5,57,0,13.42
254,Biloela,AU,2022-02-01 01:00:43,-24.4167,150.5,89.78,46,100,8.55
255,Jalingo,NG,2022-02-01 01:05:09,8.8833,11.3667,68.22,18,98,5.57
256,La Rioja,ES,2022-02-01 01:05:09,42.25,-2.5,38.05,98,100,13.13
257,Gamba,GA,2022-02-01 01:05:09,-2.65,10.0,76.91,88,100,3.87
258,Saint-Georges,GD,2022-02-01 01:05:10,12.0564,-61.7485,78.48,83,20,11.5
259,Shitkino,RU,2022-02-01 01:05:10,56.3703,98.3543,-10.19,100,96,2.62
260,Vardo,NO,2022-02-01 01:05:11,70.3705,31.1107,5.2,80,28,8.32
261,Agua Buena,PA,2022-02-01 01:05:11,7.8167,-80.4,73.76,99,78,16.08
262,Abu Samrah,SY,2022-02-01 01:05:12,35.3029,37.1841,41.11,87,2,1.99
263,Oktyabrskiy,RU,2022-02-01 01:05:12,54.4815,53.471,27.18,89,100,18.86
264,Vostok,RU,2022-02-01 01:05:12,46.4856,135.8833,1.54,89,99,3.44
265,Banjar,ID,2022-02-01 01:05:13,-8.19,114.9675,84.06,75,88,3.8
266,Sinjai,ID,2022-02-01 01:05:13,-5.1241,120.253,83.55,66,86,1.28
267,Nanortalik,GL,2022-02-01 01:05:14,60.1432,-45.2371,25.16,80,100,14.25
268,Cherskiy,RU,2022-02-01 01:05:14,68.75,161.3,-7.01,88,100,3.2
269,Mayya,RU,2022-02-01 01:05:14,61.7333,130.2811,-22.68,96,100,5.68
270,Wanaka,NZ,2022-02-01 01:05:15,-44.7,169.15,79.11,38,100,3.0
271,Lipari,IT,2022-02-01 01:05:15,38.4674,14.954,56.55,76,100,28.72
272,Beyneu,KZ,2022-02-01 01:05:16,45.3167,55.2,33.42,81,29,13.56
273,Comodoro Rivadavia,AR,2022-02-01 01:05:16,-45.8667,-67.5,69.66,30,20,33.38
274,Porosozero,RU,2022-02-01 01:05:16,62.7191,32.727,12.7,95,100,6.73
275,Renqiu,CN,2022-02-01 01:05:13,38.6989,116.0936,24.01,34,0,2.33
276,Ancud,CL,2022-02-01 01:05:17,-41.8697,-73.8203,58.42,82,58,7.38
277,Montrose,US,2022-02-01 01:05:19,38.4166,-108.2673,26.78,55,18,3.67
278,Kaeo,NZ,2022-02-01 01:05:19,-35.1,173.7833,73.33,85,99,14.29
279,Ciudad Bolivar,VE,2022-02-01 01:03:12,8.1222,-63.5497,83.28,54,72,12.46
280,Colesberg,ZA,2022-02-01 01:05:20,-30.72,25.0972,63.57,89,100,10.18
281,Kamenka,RU,2022-02-01 01:05:20,51.3223,42.7678,31.75,87,100,16.89
282,Rio Rancho,US,2022-02-01 01:04:23,35.2334,-106.6645,51.94,20,0,5.99
283,Waddan,LY,2022-02-01 01:05:21,29.1614,16.139,49.73,44,38,7.85
284,Korla,CN,2022-02-01 00:55:29,41.7597,86.1469,21.45,56,9,1.52
285,Bo Rai,TH,2022-02-01 01:05:21,12.5728,102.5371,82.85,82,29,1.39
286,Cayenne,GF,2022-02-01 01:05:22,4.9333,-52.3333,81.09,83,75,7.0
287,Payo,ID,2022-02-01 01:05:22,-3.7508,103.6372,75.96,89,100,1.12
288,Sarankhola,BD,2022-02-01 01:05:23,22.3082,89.7897,59.11,82,52,2.98
289,Portsmouth,GB,2022-02-01 01:01:38,50.799,-1.0913,46.92,92,100,5.99
290,Lompoc,US,2022-02-01 01:05:23,34.6391,-120.4579,64.11,77,0,11.5
291,Gao,ML,2022-02-01 01:05:23,16.6362,1.637,62.76,8,95,14.47
292,Roma,US,2022-02-01 01:05:24,43.2128,-75.4557,19.26,76,0,0.0
293,Bambous Virieux,MU,2022-02-01 01:05:24,-20.3428,57.7575,79.21,70,100,23.8
294,Sola,VU,2022-02-01 01:05:25,-13.8833,167.55,76.66,90,100,6.26
295,Llata,PE,2022-02-01 01:05:25,-9.4167,-76.7833,54.84,90,100,2.91
296,Luderitz,NA,2022-02-01 01:05:26,-26.6481,15.1594,65.14,89,19,5.73
297,Makariv,UA,2022-02-01 01:05:26,50.4641,29.8113,30.29,93,65,9.73
298,Bandarbeyla,SO,2022-02-01 01:05:26,9.4942,50.8122,76.66,77,100,14.65
299,Sambava,MG,2022-02-01 01:05:27,-14.2667,50.1667,76.15,87,100,7.45
300,Huari,PE,2022-02-01 01:05:27,-9.3333,-77.2333,45.5,76,100,5.39
301,High Rock,BS,2022-02-01 01:05:28,26.6208,-78.2833,60.82,53,2,10.78
302,Neiafu,TO,2022-02-01 01:05:28,-18.65,-173.9833,84.88,70,20,6.91
303,Katsuura,JP,2022-02-01 01:01:41,35.1333,140.3,49.19,43,94,5.41
304,Sovetskiy,RU,2022-02-01 01:05:28,61.3614,63.5842,-2.02,99,100,1.97
305,Tiksi,RU,2022-02-01 01:05:29,71.6872,128.8694,-10.97,100,100,6.06
306,Bikin,RU,2022-02-01 01:05:29,46.8161,134.26,1.99,93,90,3.89
307,Kearney,US,2022-02-01 01:01:49,40.6995,-99.0815,50.0,32,98,3.0
308,Cidreira,BR,2022-02-01 01:05:30,-30.1811,-50.2056,73.13,87,3,2.15
309,Safranbolu,TR,2022-02-01 01:05:30,41.2508,32.6942,18.21,97,91,1.7
310,Okha,RU,2022-02-01 01:05:31,53.5739,142.9478,5.76,92,100,23.71
311,Ahipara,NZ,2022-02-01 01:05:31,-35.1667,173.1667,72.1,76,99,15.82
312,Inhambane,MZ,2022-02-01 01:05:31,-23.865,35.3833,76.28,79,65,6.04
313,Zinder,NE,2022-02-01 01:05:32,13.8072,8.9881,54.54,14,5,12.5
314,Kruisfontein,ZA,2022-02-01 01:05:32,-34.0033,24.7314,70.88,96,99,3.42
315,Bubaque,GW,2022-02-01 00:58:00,11.2833,-15.8333,77.52,66,100,11.01
316,Atar,MR,2022-02-01 01:05:33,20.5169,-13.0499,79.16,14,100,8.84
317,Pacific Grove,US,2022-02-01 01:04:16,36.6177,-121.9166,58.28,85,0,1.01
318,Sept-Iles,CA,2022-02-01 01:01:01,50.2001,-66.3821,-2.83,84,7,8.55
319,Aipe,CO,2022-02-01 01:05:33,3.2222,-75.2367,78.44,65,100,2.77
320,Yellowknife,CA,2022-02-01 01:01:22,62.456,-114.3525,-10.59,90,97,5.99
321,Rio Gallegos,AR,2022-02-01 01:05:34,-51.6226,-69.2181,50.05,57,20,31.07
322,Ostrovnoy,RU,2022-02-01 01:05:35,68.0531,39.5131,10.04,96,100,5.53
323,Chokwe,MZ,2022-02-01 01:05:36,-24.5333,32.9833,71.73,88,0,3.11
324,Cassilandia,BR,2022-02-01 01:05:36,-19.1133,-51.7342,71.11,92,100,3.44
325,Kill,IE,2022-02-01 01:05:37,52.1761,-7.335,48.81,84,100,14.67
326,Turbat,PK,2022-02-01 01:00:54,26.0023,63.044,67.39,28,0,10.2
327,Satinka,RU,2022-02-01 01:05:37,52.3792,41.6819,28.15,94,100,14.99
328,Bagdarin,RU,2022-02-01 01:05:38,54.4333,113.6,-17.23,96,16,3.69
329,Iquique,CL,2022-02-01 01:05:38,-20.2208,-70.1431,69.84,75,1,2.15
330,Gimli,CA,2022-02-01 01:02:00,50.6336,-96.9907,24.13,96,100,15.82
331,Pryazha,RU,2022-02-01 01:05:39,61.6926,33.6216,16.0,95,100,7.23
332,Uarini,BR,2022-02-01 01:05:39,-2.99,-65.1083,73.56,96,97,3.09
333,Mount Gambier,AU,2022-02-01 01:05:40,-37.8333,140.7667,66.11,52,75,24.16
334,Jaru,BR,2022-02-01 01:02:23,-10.4389,-62.4664,71.51,98,100,2.86
335,Alto Araguaia,BR,2022-02-01 01:05:40,-17.3147,-53.2153,68.43,97,100,3.8
336,Nichinan,JP,2022-02-01 01:05:41,31.6,131.3667,49.05,56,92,9.53
337,Eyl,SO,2022-02-01 01:02:18,7.9803,49.8164,75.18,80,80,13.38
338,Aguimes,ES,2022-02-01 01:05:41,27.9054,-15.4461,68.67,28,100,5.75
339,Ode,NG,2022-02-01 01:05:42,7.7899,5.7117,70.25,16,90,4.54
340,Ilulissat,GL,2022-02-01 01:05:42,69.2167,-51.1,8.62,72,75,10.36
341,Juli,PE,2022-02-01 01:05:43,-16.2167,-69.45,43.25,84,100,5.5
342,Marovoay,MG,2022-02-01 01:05:43,-16.1,46.6333,77.14,91,39,3.58
343,Arica,CL,2022-02-01 01:01:45,-18.475,-70.3042,69.49,77,0,3.27
344,Thunder Bay,CA,2022-02-01 01:05:43,48.4001,-89.3168,25.29,82,100,12.77
345,Vao,NC,2022-02-01 00:56:45,-22.6667,167.4833,77.99,83,100,9.37
346,Necochea,AR,2022-02-01 01:05:44,-38.5473,-58.7368,55.04,54,23,9.73
347,Port-De-Bouc,FR,2022-02-01 01:05:44,43.4,4.9833,45.64,53,0,39.12
348,Iracoubo,GF,2022-02-01 01:05:45,5.4802,-53.2011,76.73,86,100,9.73
349,Pitimbu,BR,2022-02-01 01:04:51,-7.4706,-34.8086,77.59,80,24,7.85
350,Nikolskoye,RU,2022-02-01 01:05:45,59.7035,30.7861,24.69,96,100,5.01
351,Corinto,GR,2022-02-01 01:05:46,37.9407,22.9573,54.54,82,100,4.7
352,Quelimane,MZ,2022-02-01 01:05:46,-17.8786,36.8883,72.68,87,0,2.46
353,Chuy,UY,2022-02-01 01:05:47,-33.6971,-53.4616,62.1,65,1,8.25
354,Kaohsiung,TW,2022-02-01 01:03:49,22.6163,120.3133,69.75,70,75,2.3
355,Santarem,BR,2022-02-01 01:05:47,-2.4431,-54.7083,77.13,94,40,3.44
356,Adwa,ET,2022-02-01 01:05:48,14.1646,38.8955,58.08,57,31,0.6
357,Santa Vitoria Do Palmar,BR,2022-02-01 01:05:48,-33.5189,-53.3681,62.92,64,4,9.19
358,Codajas,BR,2022-02-01 01:05:48,-3.8367,-62.0569,73.22,98,100,2.46
359,Najran,SA,2022-02-01 01:05:49,17.4924,44.1277,62.15,63,100,5.82
360,Aldergrove,CA,2022-02-01 01:05:49,49.058,-122.4709,43.45,74,28,1.01
361,Mahajanga,MG,2022-02-01 01:05:50,-15.7167,46.3167,77.02,94,20,2.3
362,Morehead,US,2022-02-01 01:05:50,37.2711,-87.1764,38.98,59,0,0.0
363,Touros,BR,2022-02-01 01:05:51,-5.1989,-35.4608,77.9,74,33,11.48
364,Lere,NG,2022-02-01 01:05:51,10.387,8.5726,60.64,22,8,8.48
365,Saint Anthony,US,2022-02-01 01:05:51,45.0205,-93.218,28.92,76,0,7.0
366,Esperance,AU,2022-02-01 01:01:54,-33.8667,121.9,63.19,55,60,16.73
367,Nakambala,ZM,2022-02-01 01:05:52,-15.8324,27.7799,62.2,97,53,4.21
368,Kathu,TH,2022-02-01 01:05:52,7.9178,98.3332,78.62,78,78,9.71
369,Broome,US,2022-02-01 01:01:55,42.2506,-75.833,17.56,73,8,1.99
370,Virginia Beach,US,2022-02-01 01:05:46,36.8529,-75.978,40.01,78,12,1.99
371,Gallup,US,2022-02-01 01:05:54,35.5281,-108.7426,42.64,30,0,3.0
372,Mpika,ZM,2022-02-01 01:05:55,-11.8343,31.4529,59.25,97,28,1.9
373,Gladstone,AU,2022-02-01 01:05:01,-23.85,151.25,87.73,58,40,8.05
374,Rabo De Peixe,PT,2022-02-01 01:05:55,37.8,-25.5833,57.27,95,40,6.91
375,Hambantota,LK,2022-02-01 01:03:07,6.1241,81.1185,73.74,100,20,4.61
376,Lakes Entrance,AU,2022-02-01 01:04:57,-37.8811,147.981,90.57,68,90,16.31
377,Santa Rosa,PH,2022-02-01 01:05:56,14.3122,121.1114,83.08,68,68,15.1
378,Petropavlovsk-Kamchatskiy,RU,2022-02-01 00:56:36,53.0452,158.6483,27.19,69,75,15.66
379,Broken Hill,AU,2022-02-01 01:05:57,-31.95,141.4333,80.1,57,100,8.55
380,Mikhaylovskoye,RU,2022-02-01 01:05:57,51.8239,79.7172,1.06,99,80,4.99
381,Khorinsk,RU,2022-02-01 01:05:58,52.1657,109.7726,-20.81,99,65,1.36
382,Escalerillas,MX,2022-02-01 01:05:58,22.1333,-101.0667,67.87,11,0,8.05
383,Te Anau,NZ,2022-02-01 01:05:58,-45.4167,167.7167,75.72,39,100,2.44
384,Saldanha,ZA,2022-02-01 01:05:59,-33.0117,17.9442,67.42,84,8,8.05
385,Isetskoye,RU,2022-02-01 01:05:59,56.4858,65.3226,-3.33,100,100,4.45
386,Praia Da Vitoria,PT,2022-02-01 01:06:00,38.7333,-27.0667,59.76,83,97,18.3
387,Gornyy,RU,2022-02-01 01:06:00,55.1153,83.9059,7.81,97,96,5.75
388,Bonavista,CA,2022-02-01 01:06:00,48.6499,-53.1147,32.11,67,78,16.4
389,Edson,CA,2022-02-01 01:01:18,53.5835,-116.4356,6.91,72,100,5.75
390,Soyo,AO,2022-02-01 01:06:01,-6.1349,12.3689,78.15,87,100,5.7
391,Thoen,TH,2022-02-01 01:06:02,17.6129,99.2161,63.55,57,11,1.34
392,Saint-Pierre,RE,2022-02-01 00:58:03,-21.3393,55.4781,78.48,69,20,14.97
393,Lorengau,PG,2022-02-01 01:06:02,-2.0226,147.2712,77.81,90,100,13.49
394,Tromso,NO,2022-02-01 01:06:03,69.6496,18.957,28.42,86,40,1.99
395,Mindelo,CV,2022-02-01 01:06:03,16.8901,-24.9804,69.35,73,0,17.27
396,Seybaplaya,MX,2022-02-01 01:06:04,19.65,-90.6667,74.66,68,0,9.66
397,Usinsk,RU,2022-02-01 01:06:04,65.9939,57.5281,0.3,98,100,8.3
398,Hay River,CA,2022-02-01 01:06:04,60.8156,-115.7999,-5.21,93,98,9.86
399,Muswellbrook,AU,2022-02-01 01:06:05,-32.2667,150.9,94.33,38,0,7.49
400,Marseille,FR,2022-02-01 01:03:06,43.3333,5.5,42.31,58,5,18.01
401,Aljezur,PT,2022-02-01 01:06:05,37.3191,-8.8033,52.11,54,0,5.3
402,Sakakah,SA,2022-02-01 01:06:06,29.9697,40.2064,44.37,61,0,9.13
403,Gusau,NG,2022-02-01 01:06:06,12.1628,6.6614,61.38,17,43,11.39
404,Chateauneuf-Les-Martigues,FR,2022-02-01 01:06:07,43.3833,5.1667,44.4,57,0,35.68
405,Poum,NC,2022-02-01 01:06:07,-20.2333,164.0167,81.03,74,100,13.69
406,Americo Brasiliense,BR,2022-02-01 01:04:35,-21.7244,-48.1017,66.69,96,100,3.38
407,Walvis Bay,NA,2022-02-01 01:06:08,-22.9575,14.5053,69.1,84,100,7.29
408,Vila Velha,BR,2022-02-01 01:02:07,-20.3297,-40.2925,79.52,83,100,7.78
409,Colares,PT,2022-02-01 01:06:08,38.7992,-9.4469,52.9,67,0,7.0
410,Forbes,AU,2022-02-01 01:06:09,-33.3833,148.0167,78.28,64,100,6.06
411,Akonolinga,CM,2022-02-01 01:06:09,3.7667,12.25,63.41,40,99,2.59
412,Catamarca,AR,2022-02-01 01:05:07,-28.4696,-65.7852,75.65,52,22,11.5
413,Kavieng,PG,2022-02-01 01:06:10,-2.5744,150.7967,80.56,81,92,11.14
414,Rawson,AR,2022-02-01 01:06:11,-43.3002,-65.1023,73.2,25,0,18.12
415,Moose Factory,CA,2022-02-01 01:06:11,51.2585,-80.6094,1.17,89,80,7.99
416,Arona,ES,2022-02-01 01:06:12,28.0996,-16.681,62.56,47,0,1.99
417,Castro,BR,2022-02-01 01:02:03,-24.7911,-50.0119,63.0,92,0,3.62
418,Severo-Kurilsk,RU,2022-02-01 01:06:12,50.6789,156.125,29.25,73,100,22.7
419,Oyama,JP,2022-02-01 01:06:13,36.3,139.8,44.89,33,4,2.84
420,Galle,LK,2022-02-01 01:06:13,6.0367,80.217,74.14,89,44,5.5
421,Cairns,AU,2022-02-01 01:06:14,-16.9167,145.7667,90.1,70,40,6.91
422,Rocha,UY,2022-02-01 01:06:14,-34.4833,-54.3333,59.22,64,0,5.12
423,Pevek,RU,2022-02-01 00:54:48,69.7008,170.3133,-17.23,97,67,0.98
424,Kisangani,CD,2022-02-01 01:06:15,0.5167,25.2,73.11,80,100,4.05
425,Port-Gentil,GA,2022-02-01 01:06:15,-0.7193,8.7815,80.96,78,79,7.56
426,Aswan,EG,2022-02-01 01:04:27,24.0934,32.907,51.44,56,0,7.96
427,Harper,LR,2022-02-01 01:06:16,4.375,-7.7169,78.71,84,90,4.54
428,Kuminskiy,RU,2022-02-01 01:06:16,58.6667,66.5667,-5.98,100,59,2.66
429,Beringovskiy,RU,2022-02-01 01:06:17,63.05,179.3167,9.43,92,100,19.69
430,Imbituba,BR,2022-02-01 01:02:00,-28.24,-48.6703,72.63,90,7,2.04
431,Corrente,BR,2022-02-01 01:06:17,-3.7367,-43.3394,75.96,81,100,3.18
432,Bunia,CD,2022-02-01 01:06:18,1.5667,30.25,66.45,50,100,0.69
433,Vilyuysk,RU,2022-02-01 01:06:18,63.7553,121.6247,-33.52,100,95,3.18
434,Faanui,PF,2022-02-01 01:06:18,-16.4833,-151.75,81.16,72,5,19.48
435,Cabedelo,BR,2022-02-01 01:06:19,-6.9811,-34.8339,77.67,77,25,9.71
436,Ajdabiya,LY,2022-02-01 01:06:19,30.7554,20.2263,51.84,72,0,11.36
437,Pawayan,IN,2022-02-01 01:06:20,28.0667,80.1,48.85,84,0,5.19
438,Sorong,ID,2022-02-01 01:06:20,-0.8833,131.25,82.24,70,100,13.91
439,Ravar,IR,2022-02-01 01:06:20,31.2656,56.8055,47.55,35,0,2.8
440,Guasdualito,VE,2022-02-01 01:06:21,7.2424,-70.7324,80.49,34,18,3.04
441,Davenda,RU,2022-02-01 01:06:21,53.5556,119.317,-5.44,85,100,4.25
442,Nanakuli,US,2022-02-01 01:06:22,21.3906,-158.1547,78.75,57,0,10.36
443,Venice,US,2022-02-01 01:05:45,27.0998,-82.4543,56.98,76,0,6.91
444,El Tigre,VE,2022-02-01 01:06:22,8.8875,-64.2454,77.99,61,100,12.19
445,Oussouye,SN,2022-02-01 01:06:23,12.485,-16.5469,72.64,72,100,11.7
446,Graaff-Reinet,ZA,2022-02-01 01:06:23,-32.2522,24.5308,68.92,93,100,2.15
447,Stratford,US,2022-02-01 01:06:01,41.1845,-73.1332,25.11,69,0,3.44
448,Paamiut,GL,2022-02-01 01:06:24,61.994,-49.6678,20.41,76,100,14.29
449,Krasnoselkup,RU,2022-02-01 01:06:24,65.7,82.4667,7.93,95,100,8.52
450,Kassala,SD,2022-02-01 01:06:24,15.451,36.4,65.98,22,6,7.38
451,Richards Bay,ZA,2022-02-01 01:05:52,-28.783,32.0377,73.83,82,16,9.64
452,Pangnirtung,CA,2022-02-01 01:06:25,66.1451,-65.7125,-30.23,95,98,3.98
453,Gazli,UZ,2022-02-01 00:56:33,40.1333,63.45,37.13,71,0,10.29
454,Baijiantan,CN,2022-02-01 01:06:26,45.6333,85.1833,0.93,95,93,3.04
455,Ustka,PL,2022-02-01 01:05:38,54.5805,16.8619,33.67,63,100,10.38
456,Haapiti,PF,2022-02-01 01:06:26,-17.5667,-149.8667,83.93,74,9,19.91
457,Praya,CV,2022-02-01 01:05:34,14.9215,-23.5087,70.34,88,100,12.66
458,Kaitangata,NZ,2022-02-01 01:06:27,-46.2817,169.8464,70.93,74,100,7.16
459,Mount Isa,AU,2022-02-01 01:06:27,-20.7333,139.5,87.57,62,40,14.97
460,Sahibganj,IN,2022-02-01 01:06:28,25.25,87.65,55.56,69,0,2.46
461,Kenai,US,2022-02-01 01:06:28,60.5544,-151.2583,17.02,89,0,9.22
462,Oliveira Do Hospital,PT,2022-02-01 01:06:28,40.3618,-7.8601,45.23,56,0,6.93
463,Shache,CN,2022-02-01 01:06:30,38.4167,77.2406,29.71,41,82,1.39
464,Auki,SB,2022-02-01 01:06:30,-8.7676,160.7034,86.74,64,88,2.91
465,Kavaratti,IN,2022-02-01 01:06:31,10.5669,72.642,80.44,72,5,9.93
466,Santa Marta,CO,2022-02-01 01:06:31,11.2408,-74.199,81.9,65,5,17.0
467,Golden,US,2022-02-01 01:06:32,39.7555,-105.2211,49.69,13,20,13.8
468,Omsukchan,RU,2022-02-01 01:06:32,62.5333,155.8,-3.66,96,100,8.3
469,Amboasary,MG,2022-02-01 01:06:32,-25.0333,46.3833,68.2,90,5,4.09
470,Urubicha,BO,2022-02-01 01:06:33,-15.3833,-62.95,71.37,99,100,3.56
471,Marzuq,YE,2022-02-01 01:06:33,14.4,46.4667,58.98,64,64,5.37
472,Russell,US,2022-02-01 01:06:34,32.3502,-85.1999,53.2,64,1,1.41
473,Bardiyah,LY,2022-02-01 01:06:34,31.7561,25.0865,53.87,74,23,13.0
474,Yar-Sale,RU,2022-02-01 01:06:35,66.8333,70.8333,-16.71,100,40,5.79
475,Conde,BR,2022-02-01 01:06:35,-7.2597,-34.9075,76.46,94,20,4.61
476,Otukpo,NG,2022-02-01 01:06:35,7.1913,8.1329,70.77,19,55,2.8
477,Klaksvik,FO,2022-02-01 01:06:36,62.2266,-6.589,45.52,81,100,40.33
478,Trairi,BR,2022-02-01 01:06:36,-3.2778,-39.2689,78.13,78,29,8.81
479,Kamensk-Uralskiy,RU,2022-02-01 01:06:37,56.4185,61.9329,4.68,99,100,4.99
480,Karratha,AU,2022-02-01 00:56:41,-20.7377,116.8463,89.19,58,100,2.19
481,Mehamn,NO,2022-02-01 01:03:10,71.0357,27.8492,18.81,91,64,7.7
482,Jizan,SA,2022-02-01 01:06:37,17.3333,42.6667,76.59,78,5,5.68
483,Nalut,LY,2022-02-01 01:06:38,30.3333,10.85,45.7,38,87,10.49
484,Kysyl-Syr,RU,2022-02-01 01:06:38,63.8986,122.7617,-30.37,99,53,4.05
485,Menongue,AO,2022-02-01 01:06:39,-14.6585,17.691,61.99,61,100,5.93
486,Kroya,ID,2022-02-01 01:06:39,-7.6331,109.2461,82.2,79,100,2.91
487,Saint-Louis,SN,2022-02-01 01:06:39,16.3333,-15.0,82.15,11,99,10.29
488,Grand Gaube,MU,2022-02-01 00:56:47,-20.0064,57.6608,79.38,69,100,7.0
489,Senanga,ZM,2022-02-01 01:06:40,-16.1167,23.2667,66.85,85,100,4.81
490,Beloha,MG,2022-02-01 01:06:40,-25.1667,45.05,70.79,84,53,10.0
491,Ramhormoz,IR,2022-02-01 01:06:41,31.28,49.6035,56.1,86,100,11.01
492,Coahuayana,MX,2022-02-01 01:06:41,18.7333,-103.6833,81.88,79,0,2.62
493,Iskateley,RU,2022-02-01 01:06:41,67.6803,53.1512,9.59,96,100,6.85
494,Fare,PF,2022-02-01 01:06:42,-16.7,-151.0167,81.25,71,6,20.42
495,Ngunguru,NZ,2022-02-01 01:06:42,-35.6167,174.5,73.17,76,97,16.89
496,Kleinmachnow,DE,2022-02-01 01:06:43,52.4,13.2333,37.02,91,20,3.0
497,Bundaberg,AU,2022-02-01 01:04:10,-24.85,152.35,89.89,64,75,3.0
498,Puerto Madryn,AR,2022-02-01 01:06:44,-42.7692,-65.0385,68.72,35,0,18.63
499,El Tocuyo,VE,2022-02-01 01:06:44,9.7873,-69.7937,69.87,52,0,2.24
500,Palmer,US,2022-02-01 01:06:44,42.1584,-72.3287,17.82,69,8,1.99
501,Nago,JP,2022-02-01 01:06:45,26.5881,127.9761,65.25,63,100,6.31
502,Nisia Floresta,BR,2022-02-01 01:06:45,-6.0911,-35.2086,77.81,83,33,6.6
503,Zhuhai,CN,2022-02-01 01:06:46,22.2769,113.5678,58.69,87,40,19.57
504,Ericeira,PT,2022-02-01 01:06:46,38.9627,-9.4156,52.9,97,0,7.23
505,Sukhobuzimskoye,RU,2022-02-01 01:06:47,56.5,93.2728,-11.31,100,19,2.62
506,Datong,CN,2022-02-01 01:06:47,40.0936,113.2914,11.73,56,0,1.14
507,Aracati,BR,2022-02-01 01:03:27,-4.5617,-37.7697,80.65,75,53,12.01
508,Mananjary,MG,2022-02-01 01:06:49,-21.2167,48.3333,74.75,85,79,4.65
509,Urumqi,CN,2022-02-01 01:06:49,43.801,87.6005,-3.05,85,75,2.24
510,Semenivka,UA,2022-02-01 01:06:50,52.1783,32.5818,25.86,96,100,12.97
511,Phek,IN,2022-02-01 01:06:50,25.6667,94.5,35.69,97,18,2.04
512,Piranshahr,IR,2022-02-01 01:06:50,36.701,45.1413,20.86,77,100,3.06
513,Korsakov,RU,2022-02-01 01:06:51,46.6328,142.7813,19.24,71,53,18.84
514,Waipawa,NZ,2022-02-01 01:06:51,-41.4122,175.5153,75.83,53,100,8.12
515,Caninde,BR,2022-02-01 01:03:35,-4.3589,-39.3117,75.33,79,7,1.14
516,Ljungby,SE,2022-02-01 01:06:52,56.8332,13.9408,27.79,71,82,4.63
517,Ihosy,MG,2022-02-01 01:06:52,-22.4,46.1167,65.77,86,74,9.1
518,Seoul,KR,2022-02-01 00:53:40,37.5683,126.9778,31.39,75,75,5.75
519,Wukari,NG,2022-02-01 01:06:53,7.85,9.7833,68.13,24,10,5.37
520,Meulaboh,ID,2022-02-01 01:06:53,4.1363,96.1285,77.4,85,8,3.83
521,Iqaluit,CA,2022-02-01 01:06:54,63.7506,-68.5145,-29.31,66,99,1.99
522,Klyuchi,RU,2022-02-01 01:06:54,52.2667,79.1667,5.2,97,63,6.96
523,Cascais,PT,2022-02-01 01:06:21,38.6979,-9.4215,53.06,67,0,7.0
524,Juneau,US,2022-02-01 01:06:55,58.3019,-134.4197,26.65,79,20,8.05
525,Ratnagiri,IN,2022-02-01 01:06:55,16.9833,73.3,68.92,59,0,4.32
526,Khandbari,NP,2022-02-01 01:06:56,27.3747,87.2039,47.1,83,98,3.33
527,Grootfontein,NA,2022-02-01 01:06:56,-19.5667,18.1167,64.27,96,100,14.18
528,Filadelfia,US,2022-02-01 01:06:29,39.9523,-75.1638,28.51,66,40,6.91
529,Fereydunshahr,IR,2022-02-01 01:06:57,32.941,50.121,23.74,97,100,2.53
530,Brasilia,BR,2022-02-01 01:06:51,-15.7797,-47.9297,67.12,88,0,3.44
531,Mont-De-Marsan,FR,2022-02-01 01:06:57,44.0,-0.6667,46.2,100,100,3.44
532,Tommot,RU,2022-02-01 01:06:58,58.9564,126.2925,-5.85,96,100,6.42
533,Nizhniy Baskunchak,RU,2022-02-01 01:06:58,48.2198,46.8311,30.79,92,100,10.22
534,Sheregesh,RU,2022-02-01 01:06:58,52.9209,87.9869,13.21,97,100,1.01
535,Vung Tau,VN,2022-02-01 01:06:59,10.346,107.0843,79.0,78,9,20.51
536,Port Augusta,AU,2022-02-01 00:55:48,-32.5,137.7667,76.71,62,100,20.38
537,Padang,ID,2022-02-01 01:06:59,-0.9492,100.3543,78.94,86,100,1.83
538,Yumen,CN,2022-02-01 01:07:00,40.2833,97.2,14.16,31,53,5.48
539,Honningsvag,NO,2022-02-01 01:07:00,70.9821,25.9704,28.69,75,100,11.65
540,Vengerovo,RU,2022-02-01 01:07:00,55.6848,76.7471,18.1,95,100,11.01
541,Collie,AU,2022-02-01 01:07:01,-33.3667,116.15,64.98,43,0,14.29
542,Peterhead,GB,2022-02-01 00:58:01,57.5058,-1.7981,50.56,87,100,18.48
543,Mapiripan,CO,2022-02-01 01:07:01,2.8892,-72.1256,80.49,34,100,5.06
544,Alihe,CN,2022-02-01 01:07:02,50.5667,123.7167,3.34,82,100,3.13
545,Napasar,IN,2022-02-01 01:07:02,27.9667,73.55,62.76,34,0,5.97
546,Port Lavaca,US,2022-02-01 01:07:03,28.615,-96.6261,61.99,94,100,8.05
547,Ossora,RU,2022-02-01 01:07:03,59.2353,163.0719,20.34,94,100,13.13
548,Berlevag,NO,2022-02-01 01:07:03,70.8578,29.0864,22.37,75,50,8.05
549,Aasiaat,GL,2022-02-01 01:03:12,68.7098,-52.8699,7.2,80,100,11.48
550,La Palma,US,2022-02-01 01:07:04,33.8464,-118.0467,66.76,70,0,3.0
551,Colombia,CU,2022-02-01 01:07:04,20.9881,-77.4297,68.72,67,98,13.27
552,Ottawa,CA,2022-02-01 01:07:05,45.4112,-75.6981,11.52,99,60,3.58
553,Skjervoy,NO,2022-02-01 01:07:05,70.0311,20.9714,30.99,61,100,9.78
554,Husavik,IS,2022-02-01 01:07:06,66.0449,-17.3389,21.16,92,100,17.2
555,San Isidro,PE,2022-02-01 01:07:07,-12.1167,-77.05,75.02,73,0,11.5
556,Batticaloa,LK,2022-02-01 01:07:08,7.7102,81.6924,78.04,67,25,6.8
557,Tautira,PF,2022-02-01 01:07:08,-17.7333,-149.15,84.22,78,24,19.28
558,Kuusamo,FI,2022-02-01 01:07:08,65.9667,29.1833,-5.76,84,100,3.44
559,Gangarampur,IN,2022-02-01 01:07:09,25.4,88.5167,57.22,58,1,1.07
560,North Battleford,CA,2022-02-01 01:07:09,52.7834,-108.2847,1.49,78,100,25.32
561,Brainerd,US,2022-02-01 01:07:10,46.358,-94.2008,25.05,68,75,6.91
562,Bradford,GB,2022-02-01 01:02:23,53.7939,-1.7521,47.14,67,100,20.45
563,San Quintin,MX,2022-02-01 01:07:10,30.4833,-115.95,59.81,68,100,11.9
564,Gilgit,PK,2022-02-01 01:07:11,35.9221,74.3087,26.83,79,84,2.8
565,Mikhaylovka,RU,2022-02-01 01:07:11,50.06,43.2379,34.79,87,100,16.64
566,Vanimo,PG,2022-02-01 01:07:11,-2.6741,141.3028,82.85,66,98,6.53
567,Margate,GB,2022-02-01 01:07:12,51.3813,1.3862,43.75,83,86,1.99
568,Killybegs,IE,2022-02-01 01:07:12,54.6333,-8.45,49.44,95,100,26.31
569,Shieli,KZ,2022-02-01 01:07:13,44.1667,66.75,24.22,81,5,4.92
570,Sackville,CA,2022-02-01 01:07:13,45.9188,-64.3846,1.85,92,12,5.12
571,Camacha,PT,2022-02-01 01:07:14,33.0833,-16.3333,62.53,82,20,23.02
572,Belaya Gora,RU,2022-02-01 01:07:14,68.5333,146.4167,-14.33,94,100,2.13
573,Jiazi,CN,2022-02-01 01:07:14,22.8779,116.067,52.88,89,100,11.41
574,Rodrigues Alves,BR,2022-02-01 00:57:59,-7.738,-72.6509,73.78,87,53,1.52
575,Alofi,NU,2022-02-01 01:07:15,-19.0595,-169.9187,79.05,69,86,6.46
576,Sandakan,MY,2022-02-01 01:07:15,5.8402,118.1179,79.48,80,95,3.51
577,Toora-Khem,RU,2022-02-01 01:07:16,52.4675,96.11,-26.75,100,91,1.12
578,Monrovia,LR,2022-02-01 01:07:16,6.3005,-10.7969,74.97,88,32,4.54
579,Maningrida,AU,2022-02-01 01:07:17,-12.0667,134.2667,83.01,79,89,18.03
580,Tondano,ID,2022-02-01 01:07:17,1.3038,124.9112,75.29,70,100,3.42
581,Arkhangelsk,RU,2022-02-01 01:07:18,64.5401,40.5433,15.91,92,40,6.71
582,Mongu,ZM,2022-02-01 01:07:18,-15.2484,23.1274,66.96,87,100,8.37
583,Yunyang,CN,2022-02-01 01:07:18,33.4474,112.7142,34.52,44,1,6.6
584,Rio Bueno,CL,2022-02-01 01:07:19,-40.3167,-72.9667,60.94,65,73,3.11
585,Wamba,NG,2022-02-01 01:07:19,8.9333,8.6,65.79,20,71,4.07
586,Copiapo,CL,2022-02-01 01:07:20,-27.3667,-70.3333,67.96,59,38,3.8
587,Lata,PT,2022-02-01 01:07:20,40.1629,-8.3327,49.05,57,0,5.46
588,Tiarei,PF,2022-02-01 01:07:20,-17.5333,-149.3333,84.22,78,15,20.13
589,Itoman,JP,2022-02-01 01:07:21,26.1247,127.6694,65.17,57,40,8.05
590,Ivanivka,UA,2022-02-01 01:07:21,46.7208,34.553,30.27,86,97,5.95
591,Muli,MV,2022-02-01 01:07:22,2.9167,73.5667,81.99,78,18,12.46
592,Napier,NZ,2022-02-01 01:07:22,-39.4833,176.9167,79.25,72,100,8.99
593,Inirida,CO,2022-02-01 01:07:22,3.8653,-67.9239,77.7,58,100,2.19
594,Maryville,US,2022-02-01 01:07:23,35.7565,-83.9705,43.11,54,40,0.0
595,Sao Filipe,CV,2022-02-01 01:07:23,14.8961,-24.4956,75.56,65,100,10.49
596,North Port,US,2022-02-01 01:04:47,27.0442,-82.2359,58.98,64,4,5.5
597,Champerico,GT,2022-02-01 01:07:24,14.3,-91.9167,81.36,70,4,4.52
598,Dese,ET,2022-02-01 01:07:24,11.1333,39.6333,50.56,43,95,1.32
599,Crisan,RO,2022-02-01 01:07:25,44.9667,29.4667,30.79,73,100,7.54
600,Laharpur,IN,2022-02-01 01:07:26,27.7167,80.9,49.98,81,0,6.04
601,Taksimo,RU,2022-02-01 01:02:51,56.3444,114.8794,-19.79,93,80,1.45
602,Sitka,US,2022-02-01 01:07:27,57.0531,-135.33,35.49,80,75,0.0
603,Shizukuishi,JP,2022-02-01 01:07:27,39.6833,140.9833,23.77,73,23,3.11
604,Penzance,GB,2022-02-01 01:07:28,50.1186,-5.5371,49.77,87,55,23.2
605,Balkanabat,TM,2022-02-01 01:07:28,39.5108,54.3671,46.9,36,3,5.3
606,Belyy Yar,RU,2022-02-01 01:07:28,53.6039,91.3903,-22.11,82,20,2.24
607,Gualeguay,AR,2022-02-01 01:07:29,-33.1416,-59.3097,65.16,45,6,8.23
608,Fairhope,US,2022-02-01 01:07:29,30.523,-87.9033,57.74,65,0,6.91
609,Placerville,US,2022-02-01 01:07:30,38.7296,-120.7986,54.32,61,0,3.44
610,Kattivakkam,IN,2022-02-01 01:07:30,13.2167,80.3167,76.06,87,86,0.76
